code,pop,cases,location,area,new_cases,duration,pop_rel,dur_rel,test
14000,152419,43,"151.0893990562516,-33.58386001730368",455.0375,43.0,4350.0,0.3533288515925634,0.22911653824882827,0.08095348334032211
14500,127603,41,"151.15090618099936,-33.73460181503594",85.4096,41.0,2327.6,0.29580184524085495,0.286656142203518,0.08479341581342553
16700,133224,57,"151.1105625315235,-33.79913702935751",40.4748,57.0,1913.7,0.30883212017246975,0.30467232382809495,0.09409259972570384
17200,248736,137,"151.2027413754637,-33.88936073927025",26.7429,137.0,911.6,0.5766053131809541,0.3729089090328309,0.2150212582808434
15990,274041,155,"151.2496730789337,-33.690202997876334",254.2074,155.0,2618.6,0.6352658908618851,0.2758167461235471,0.17521697094080155
16260,260296,75,"151.02930457574845,-33.79934121733334",83.8294,75.0,1877.8,0.603403032129445,0.30641484597281154,0.18489164714947134
12380,242674,149,"150.9876147017707,-33.84255859420105",71.5511,149.0,1993.2,0.5625527377254392,0.3009271090797794,0.16928736906863176
12850,210825,202,"150.89540649888585,-33.865636205006965",101.507,196.0,2110.8,0.48872224025221384,0.2956523719881069,0.1444918895739085
18500,59431,72,"151.25739625153932,-33.87167415027717",12.2775,72.0,1191.8,0.13776948398164032,0.34824754341883346,0.04797788435468657
18250,81196,16,"151.19637056173246,-33.80109865938093",22.4258,16.0,1446.9,0.18822383977004034,0.3304007206552686,0.062189292304523136
10750,382831,101,"150.8643419805705,-33.74131370024443",240.0487,101.0,2755.9,0.8874565348416709,0.2711144615016814,0.24060230054974774
11520,96550,38,"151.1148230522239,-33.85349892703472",19.9233,38.0,1478.5,0.22381658862256015,0.32841279262944156,0.07350423090632988
14170,201880,56,"151.1549751286719,-33.891501324556366",35.3713,56.0,801.6,0.4679864620520191,0.38474107987362094,0.18005361677612916
16350,216282,94,"150.71807677940083,-33.76532148762778",404.7016,94.0,3127.2,0.5013723399323102,0.25948449967130294,0.13009835077636595
10500,181472,73,"151.16670158265117,-33.949412728797164",49.8904,73.0,105.4,0.4206778246557559,0.5714225705894962,0.2403848039547894
11650,345809,38,"151.2855391866272,-33.30790056407867",1681.0695,39.0,6680.4,0.8016342899531735,0.189642525146126,0.15202395099044158
14100,14962,16,"151.14512857899192,-33.83335217239887",5.7169,16.0,1596.9,0.03468403727571978,0.3213244167996353,0.011144828049877471
13800,67749,8,"150.77341618769472,-33.334559378303254",2775.1377,9.0,8895.5,0.15705178728731048,0.16329281021291187,0.025645427695105395
14900,231296,137,"150.8251515954656,-33.93599677012223",305.7396,137.0,2126.6,0.5361769205804627,0.2949661864258688,0.15815406151318503
11720,61256,9,"151.22517196508952,-32.92508585821628",1965.1589,9.0,9718.6,0.1420000927256711,0.15514997208752845,0.022031310422814324
12930,160272,75,"151.08636246449547,-33.97103877838801",38.3459,76.0,913.3,0.3715332189716723,0.3727374770239208,0.13848435467007703
15950,75094,28,"151.2118731996128,-33.83295160149614",10.4857,28.0,1129.4,0.17407853864342343,0.3531958729933974,0.0614838214255788
18050,74276,211,"151.2668480864326,-33.89004992410144",9.3507,211.0,1245.7,0.1721822986693866,0.3441775202539905,0.059261276587661456
16550,156619,114,"151.24020901452275,-33.94323039472664",36.3311,114.0,743.6,0.3630650470582781,0.39165189570537084,0.14219511394473427
17420,183791,65,"150.9620102548158,-33.58815314163266",386.1588,65.0,3898.7,0.426053595437897,0.2391950326826544,0.10190990368533019
11570,380406,180,"151.03732186098173,-33.923508740166035",110.2368,181.0,960.5,0.8818350410311094,0.36810095227400597,0.3246043183521385
14700,40534,20,"151.16689398487057,-33.81999352190564",10.4794,20.0,1596.0,0.0939635588112569,0.32137628953413344,0.03019765988218407
11800,77648,4,"153.03996213661637,-30.18893738213105",1173.7437,4.0,25331.1,0.17999907274328897,0.0670017586401499,0.012060254427396631
14650,207775,20,"151.5302602461765,-33.038822256976715",648.6398,20.0,8355.5,0.4816519078306829,0.1690552092754285,0.0814257640762255
15240,94395,7,"152.09558705960933,-32.014709868466575",10053.8633,7.0,14681.3,0.2188209930919375,0.11719133261248849,0.025643923784032293
16150,42503,5,"149.12034922908254,-33.32463689714988",284.2157,5.0,13789.1,0.09852797997125504,0.12296023003324685,0.012115023081976657
11450,107806,49,"150.72402859544212,-34.00877010128209",201.0281,49.0,2746.7,0.2499095924706755,0.27142214359864314,0.06783099729425407
15900,167363,19,"151.69568778704053,-32.88004907543234",186.7549,19.0,8179.7,0.38797116231628725,0.17101183483110471,0.06634766032926463
17550,98382,2,"153.35633453217503,-28.35998977264778",1307.6562,2.0,36047.5,0.2280634243590338,0.03453894110793154,0.007877069182809868
17150,232369,72,"151.05102241612386,-34.07513057244234",333.5933,73.0,1764.4,0.538664286707775,0.3121463895097437,0.1681421122536734
16950,107191,9,"150.373837705699,-35.09381768065857",4566.6795,9.0,9347.3,0.24848393527748158,0.158734273218598,0.039442916872768186
17100,47767,26,"151.0764371577769,-33.8804237462332",14.0009,26.0,1195.3,0.11073067828828412,0.3479777199747778,0.03853180896201774
18350,51760,13,"150.3562699109851,-34.476852406398315",2689.3413,13.0,5412.0,0.11998701840604571,0.20901682751686812,0.025079305930439735
15050,87395,4,"151.54970728552627,-32.71081144780645",391.5087,4.0,9039.5,0.2025940006490797,0.16181522552411942,0.03278279390486443
12700,9664,2,"151.6080480513078,-32.34938368727571",2249.9983,2.0,12101.7,0.022402522138253975,0.13497099181777295,0.0030236906322197547
10900,79195,22,"150.41114130523147,-33.6974646158696",1431.1442,22.0,6378.1,0.18358523807316054,0.19390345506181184,0.03559781196073111
18450,219798,21,"150.83730721065484,-34.368675447573644",683.986,21.0,3569.0,0.50952292642218,0.247325143069846,0.12601783067473227
11500,174078,67,"150.8457815886208,-34.08331652185667",311.9111,67.0,2551.2,0.403537484352543,0.2782160911294701,0.11227062152078422
10550,34727,1,"149.71769601243236,-36.82457797356941",6278.8811,1.0,22627.4,0.08050210950901757,0.07738745400816849,0.00622985329718964
17400,6470,3,"152.08728495901101,-28.943362456504623",7322.793,3.0,34246.6,0.014998377300755714,0.03925465780637938,0.0005887561685921336
15350,30785,10,"151.24463544386703,-33.829080984816656",8.6503,10.0,1501.7,0.07136399462191108,0.32698016511978356,0.02333461074507983
14400,23685,1,"150.7561991375902,-34.67886238309487",257.6636,1.0,6232.5,0.05490518800129816,0.1960282981395708,0.01076297056292766
10250,45217,4,"153.4861843625708,-28.852851817084314",484.9389,4.0,32352.1,0.10481941675552876,0.04449099953920277,0.004663520622569734
17000,23380,1,"150.96550721721314,-32.66020800503989",4892.717,1.0,12918.0,0.05419815475914507,0.12896473626150828,0.006989650734373554
17310,62545,3,"150.90572040144085,-30.891368424981366",9884.3506,3.0,22362.6,0.1449881774769345,0.0784706048490802,0.011377309982580835
16380,85952,1,"152.5310964922701,-31.40973060919097",3682.3921,1.0,21384.7,0.19924892206407344,0.08258491930071876,0.016454956149416708
18400,54005,15,"150.44367772267853,-34.10192338084141",2555.434,15.0,6031.6,0.12519124669664797,0.1990431435164336,0.024918459283242145
15850,6460,1,"148.06542925564403,-32.225789291117984",5261.5165,1.0,25076.4,0.014975195882980203,0.06793162261147512,0.001017289355255527
13310,31554,5,"149.81352611308455,-34.875830468068024",3220.0796,5.0,9782.3,0.07314664564884789,0.15454884228419952,0.011304729402002021
12390,54044,1,"148.85385023327424,-32.42406261858918",7534.5251,1.0,19317.2,0.12528165422597246,0.09194084408121517,0.011518501037426845
17750,65770,6,"147.36554149295995,-35.196523658119574",4824.4889,6.0,19624.6,0.15246418470953685,0.0904881345006473,0.013796199652528103
10650,8784,3,"145.71114848907192,-35.73428434722171",2065.7759,3.0,29468.9,0.020362557374008994,0.0530798661098445,0.0010808418190664242
12750,38952,7,"149.94732013369696,-35.94473717292726",3428.1695,7.0,18700.6,0.09029625851917103,0.09492579065011664,0.00857144373267964
16900,74622,4,"150.77385905798897,-34.58270372179359",147.4211,4.0,5236.6,0.1729843757244193,0.21204833256289535,0.0366810484317965
16400,74506,10,"151.84466211058748,-32.721817222315835",858.4357,10.0,10121.1,0.17271547127822337,0.1514159892591166,0.02615188394394673
11250,17269,2,"141.47927205136557,-31.94402940763503",170.1153,2.0,52468.1,0.040031990356530205,0.0,0.0
14350,29921,1,"152.64438320614647,-30.951435853061295",3375.6707,1.0,21232.1,0.06936112012610691,0.08324387693216206,0.005773888547654553
11300,40866,16,"151.10315264986312,-33.88368552616633",7.1281,16.0,1093.4,0.09473318188140387,0.3561765988017088,0.033741742516182095
13550,12690,1,"150.18893214573106,-31.046349632366887",4987.0295,1.0,21532.2,0.02941721915712365,0.08195243853222633,0.002410812844763207
15300,13077,1,"149.6290667698298,-29.25223407217712",17906.5241,1.0,33244.3,0.03031434002503593,0.04198782613882279,0.0012728332384843656
14870,21516,1,"150.17909465312513,-33.277332566687605",4512.2563,1.0,12482.6,0.04987713848578979,0.13211951517122655,0.006589743354870672
10050,55055,3,"146.9704426335616,-36.02659569023541",305.9459,3.0,22147.6,0.12762529556307664,0.07935952802761537,0.010128283220270675
14850,43667,1,"153.27059612238435,-28.756033600388346",1287.7043,1.0,34657.0,0.10122629700032454,0.03815855191160922,0.0038626489089068562
11350,35773,2,"153.48247399625245,-28.604126965411886",565.8029,2.0,33848.8,0.08292688580833604,0.04032972072540619,0.0033444181452778428
13010,8873,1,"151.9030034708038,-29.64485217839121",5479.977,1.0,30125.8,0.020568871992211045,0.05105129071869141,0.0010500674638299155
89399,431380,29,"149.00271876741513,-35.488373062124964",2358.172,29.0,13344.6,1.0,0.1259752038105042,0.1259752038105042
